"distribution","shape1","shape2","skewness","kurtosis","MC","alpha.minus.3sigma","alpha.plus.3sigma","alpha.minus.4sigma","alpha.plus.4sigma","alpha.minus.5sigma","alpha.plus.5sigma"
"student",5.7697754455453,NA,0,6.3903,3e-04,2.9868,2.9868,6.6444,6.6444,15.9527,15.9527
"student",7.06850501909223,NA,0,4.9553,-0.0021,2.6723,2.6723,5.4054,5.4054,11.3592,11.3592
"student",132.38680535052,NA,0,3.0467,0.0012,1.7604,1.7604,2.5548,2.5548,3.3858,3.3858
"student",7.51368120128289,NA,0,4.7076,-2e-04,2.597,2.597,5.1275,5.1275,10.4137,10.4137
"student",5.38024799456624,NA,0,7.347,-3e-04,3.1243,3.1243,7.2245,7.2245,18.3027,18.3027
"student",6.80140939299017,NA,0,5.1418,-2e-04,2.7238,2.7238,5.5999,5.5999,12.0401,12.0401
"student",12.6951803392495,NA,0,3.69,8e-04,2.1747,2.1747,3.7072,3.7072,6.117,6.117
"student",5.46617856070399,NA,0,7.0923,3e-04,3.0915,3.0915,7.0842,7.0842,17.7234,17.7234
"student",6.02991035290598,NA,0,5.9558,4e-04,2.9087,2.9087,6.3251,6.3251,14.7119,14.7119
"student",6.35472175980865,NA,0,5.5481,0.0013,2.8234,2.8234,5.985,5.985,13.4333,13.4333
"student",5.2369570590978,NA,0,7.8506,-0.0023,3.1823,3.1823,7.4763,7.4763,19.361,19.361
"student",5.4095662480233,NA,0,7.2566,-5e-04,3.1129,3.1129,7.1757,7.1757,18.1007,18.1007
"student",9.74623694807752,NA,0,4.0442,5e-04,2.3469,2.3469,4.2573,4.2573,7.6697,7.6697
"student",5.13378707735268,NA,0,8.292,4e-04,3.2271,3.2271,7.6732,7.6732,20.2036,20.2036
"student",6.22097731959908,NA,0,5.7015,7e-04,2.857,2.857,6.118,6.118,13.9281,13.9281
"student",5.62519271124818,NA,0,6.6919,-0.0021,3.0347,3.0347,6.8438,6.8438,16.7467,16.7467
"student",21.0990064295009,NA,0,3.3509,-4e-04,1.9753,1.9753,3.1217,3.1217,4.6353,4.6353
"student",5.63994393707437,NA,0,6.6587,-7e-04,3.0297,3.0297,6.8227,6.8227,16.6618,16.6618
"student",5.5178765617155,NA,0,6.9529,6e-04,3.0726,3.0726,7.0035,7.0035,17.3929,17.3929
"student",5.1026899991557,NA,0,8.4412,0.0011,3.2411,3.2411,7.7353,7.7353,20.4723,20.4723
"student",7.22721571839163,NA,0,4.8592,-7e-04,2.644,2.644,5.3002,5.3002,10.9977,10.9977
"student",5.34633663173877,NA,0,7.4565,0.0013,3.1376,3.1376,7.2819,7.2819,18.5423,18.5423
"student",5.20157199598756,NA,0,7.9935,9e-04,3.1974,3.1974,7.5423,7.5423,19.6419,19.6419
"student",5.02682939097215,NA,0,8.8432,6e-04,3.2763,3.2763,7.8926,7.8926,21.1586,21.1586
"student",5.21347935128992,NA,0,7.9445,6e-04,3.1923,3.1923,7.5199,7.5199,19.5464,19.5464
"student",6.73283076470383,NA,0,5.1955,0,2.738,2.738,5.6538,5.6538,12.2315,12.2315
"student",5.17470058466911,NA,0,8.1077,0.0019,3.209,3.209,7.5935,7.5935,19.8607,19.8607
"student",7.65419431629125,NA,0,4.6419,-9e-04,2.5756,2.5756,5.0498,5.0498,10.1553,10.1553
"student",5.4307529036148,NA,0,7.1936,-5e-04,3.1049,3.1049,7.1411,7.1411,17.9575,17.9575
"student",7.44702844608377,NA,0,4.7406,-5e-04,2.6075,2.6075,5.1659,5.1659,10.5424,10.5424
"student",5.71863233537772,NA,0,6.4911,-6e-04,3.0034,3.0034,6.713,6.713,16.2242,16.2242
"student",5.14229921802175,NA,0,8.2526,0.0011,3.2233,3.2233,7.6564,7.6564,20.1313,20.1313
"student",6.85494966059923,NA,0,5.1016,-9e-04,2.7131,2.7131,5.559,5.559,11.8956,11.8956
"student",7.15842856210903,NA,0,4.8997,-0.0018,2.6561,2.6561,5.3449,5.3449,11.1508,11.1508
"student",10.042235297279,NA,0,3.993,0.0015,2.324,2.324,4.1817,4.1817,7.4476,7.4476
"student",8.2589761699175,NA,0,4.4088,1e-04,2.4942,2.4942,4.7598,4.7598,9.213,9.213
"student",5.39493531668568,NA,0,7.3013,-0.0013,3.1186,3.1186,7.1999,7.1999,18.2009,18.2009
"student",5.26106043475499,NA,0,7.7579,0.0011,3.1723,3.1723,7.4323,7.4323,19.1743,19.1743
"student",5.33409246805217,NA,0,7.4974,4e-04,3.1425,3.1425,7.303,7.303,18.6304,18.6304
"student",7.00841346097393,NA,0,4.9944,6e-04,2.6834,2.6834,5.4471,5.4471,11.5041,11.5041
"student",5.44368412986398,NA,0,7.156,5e-04,3.1,3.1,7.1202,7.1202,17.8713,17.8713
"student",8.79988294136236,NA,0,4.25,2e-04,2.4333,2.4333,4.5486,4.5486,8.5505,8.5505
"student",5.06309600875014,NA,0,8.6439,-0.0013,3.2593,3.2593,7.8164,7.8164,20.8249,20.8249
"student",5.00756787089922,NA,0,8.9549,-0.001,3.2855,3.2855,7.9339,7.9339,21.3403,21.3403
"student",5.08018156932634,NA,0,8.5546,-0.0016,3.2514,3.2514,7.7811,7.7811,20.6713,20.6713
"student",5.36298729242906,NA,0,7.4021,-8e-04,3.131,3.131,7.2536,7.2536,18.4239,18.4239
"student",24.3654677432962,NA,0,3.2946,-0.0015,1.9384,1.9384,3.0194,3.0194,4.3957,4.3957
"student",9.03447681706865,NA,0,4.1918,-0.0021,2.4098,2.4098,4.4682,4.4682,8.3035,8.3035
"student",7.73191391648725,NA,0,4.6078,-0.001,2.5642,2.5642,5.0087,5.0087,10.0196,10.0196
"student",5.0508344716659,NA,0,8.7097,-0.0021,3.265,3.265,7.8419,7.8419,20.9366,20.9366
"student",66.311234934628,NA,0,3.0963,-0.0022,1.7981,1.7981,2.6492,2.6492,3.5804,3.5804
"student",6.65796545321355,NA,0,5.2574,1e-04,2.7538,2.7538,5.7146,5.7146,12.449,12.449
"student",10.7248771215413,NA,0,3.8922,-7e-04,2.277,2.277,4.029,4.029,7.0073,7.0073
"student",9.49066548298569,NA,0,4.0928,0.0013,2.3681,2.3681,4.3279,4.3279,7.8795,7.8795
"student",5.84077915054618,NA,0,6.2595,8e-04,2.9645,2.9645,6.5525,6.5525,15.5917,15.5917
"student",13.1268977998295,NA,0,3.6574,3e-04,2.1571,2.1571,3.6533,3.6533,5.973,5.973
"student",5.48331212626409,NA,0,7.045,5e-04,3.0852,3.0852,7.0572,7.0572,17.6124,17.6124
"student",5.27394443387771,NA,0,7.7098,0.0011,3.1669,3.1669,7.409,7.409,19.076,19.076
"student",6.49221916470323,NA,0,5.4075,-1e-04,2.7907,2.7907,5.8574,5.8574,12.9651,12.9651
"student",5.89945242866166,NA,0,6.1588,-6e-04,2.9467,2.9467,6.4794,6.4794,15.3066,15.3066
"student",9.19923920581792,NA,0,4.154,-5e-04,2.3941,2.3941,4.4153,4.4153,8.1424,8.1424
"student",6.60026225115871,NA,0,5.3075,7e-04,2.7664,2.7664,5.763,5.763,12.6231,12.6231
"student",5.30363695767433,NA,0,7.6025,0,3.1548,3.1548,7.3562,7.3562,18.8533,18.8533
"student",5.55593329211697,NA,0,6.8562,9e-04,3.0589,3.0589,6.9456,6.9456,17.1578,17.1578
"student",8.13541666160535,NA,0,4.4509,7e-04,2.5096,2.5096,4.8138,4.8138,9.3859,9.3859
"student",5.81357903924503,NA,0,6.3084,8e-04,2.973,2.973,6.5873,6.5873,15.7279,15.7279
"student",5.79285687702568,NA,0,6.3466,7e-04,2.9795,2.9795,6.6142,6.6142,15.8334,15.8334
"student",6.14695218449989,NA,0,5.7947,-5e-04,2.8765,2.8765,6.1958,6.1958,14.2204,14.2204
"student",5.18971777377895,NA,0,8.0432,-0.0015,3.2025,3.2025,7.5648,7.5648,19.7378,19.7378
"student",5.5004726765597,NA,0,6.9987,9e-04,3.0789,3.0789,7.0304,7.0304,17.5027,17.5027
"student",5.93465256330071,NA,0,6.1013,-0.001,2.9362,2.9362,6.4366,6.4366,15.1409,15.1409
"student",5.29065032153889,NA,0,7.6488,8e-04,3.1601,3.1601,7.3792,7.3792,18.95,18.95
"student",5.73552810013138,NA,0,6.4572,8e-04,2.9979,2.9979,6.6901,6.6901,16.1334,16.1334
"student",5.11204541972838,NA,0,8.3955,4e-04,3.2369,3.2369,7.7165,7.7165,20.3907,20.3907
"student",7.89268087228339,NA,0,4.5414,-6e-04,2.5416,2.5416,4.9275,4.9275,9.7535,9.7535
"student",5.0343633251969,NA,0,8.8007,-6e-04,3.2728,3.2728,7.8766,7.8766,21.0884,21.0884
"student",10.9938089856376,NA,0,3.8579,-0.0011,2.2604,2.2604,3.9758,3.9758,6.8567,6.8567
"student",17.0847933490062,NA,0,3.4585,8e-04,2.0428,2.0428,3.3135,3.3135,5.1003,5.1003
"student",6.10702429181719,NA,0,5.8476,-3e-04,2.8873,2.8873,6.239,6.239,14.3838,14.3838
"student",5.99817814929411,NA,0,6.0027,-0.0016,2.9177,2.9177,6.3616,6.3616,14.8518,14.8518
"student",10.3131953911856,NA,0,3.9504,-4e-04,2.3044,2.3044,4.1177,4.1177,7.2619,7.2619
"student",8.64971463545226,NA,0,4.2904,-6e-04,2.4493,2.4493,4.6034,4.6034,8.7205,8.7205
"student",7.99655060064325,NA,0,4.5013,5e-04,2.5276,2.5276,4.8776,4.8776,9.5914,9.5914
"student",5.66875347293464,NA,0,6.5955,8e-04,3.0199,3.0199,6.7819,6.7819,16.4987,16.4987
"student",6.26852116420215,NA,0,5.6449,9e-04,2.8448,2.8448,6.0697,6.0697,13.7475,13.7475
"student",5.08931839473944,NA,0,8.508,9e-04,3.2472,3.2472,7.7624,7.7624,20.59,20.59
"student",16.240176575142,NA,0,3.4902,8e-04,2.0619,2.0619,3.3689,3.3689,5.2383,5.2383
"student",5.01579016917967,NA,0,8.9067,-0.0016,3.2816,3.2816,7.9162,7.9162,21.2624,21.2624
"student",14.8817321089142,NA,0,3.5514,-1e-04,2.0978,2.0978,3.4746,3.4746,5.5063,5.5063
"student",8.41363341366439,NA,0,4.3594,-0.002,2.4758,2.4758,4.6953,4.6953,9.0087,9.0087
"student",5.59633280241007,NA,0,6.7586,9e-04,3.0447,3.0447,6.8857,6.8857,16.9154,16.9154
"student",12.0703374983743,NA,0,3.7435,7e-04,2.2028,2.2028,3.7942,3.7942,6.3527,6.3527
"student",6.40389375465382,NA,0,5.496,-5e-04,2.8115,2.8115,5.9384,5.9384,13.2614,13.2614
"student",5.16553221998059,NA,0,8.1479,4e-04,3.213,3.213,7.6111,7.6111,19.9366,19.9366
"student",5.32043429042017,NA,0,7.544,-0.0022,3.148,3.148,7.3267,7.3267,18.7297,18.7297
"student",11.4303826005137,NA,0,3.8075,0.0012,2.2355,2.2355,3.8967,3.8967,6.635,6.635
"student",6.56381988423998,NA,0,5.3403,0.002,2.7745,2.7745,5.7943,5.7943,12.7361,12.7361
"student",13.9036364562809,NA,0,3.6058,-0.0011,2.1287,2.1287,3.5671,3.5671,5.7458,5.7458
"student",5.15469993434302,NA,0,8.1962,8e-04,3.2178,3.2178,7.6322,7.6322,20.0269,20.0269
"student",5.0733349210978,NA,0,8.5901,9e-04,3.2545,3.2545,7.7952,7.7952,20.7325,20.7325
"gamma",4.56113770607654,NA,0.9365,4.3155,0.1418,0.8534,2.8518,0.9899,4.5663,1.0522,6.5929
"gamma",2.29072391392495,NA,1.3214,5.6193,0.2064,0.5807,3.4308,0.6186,5.6601,0.6264,8.371
"gamma",2.12585342335454,NA,1.3717,5.8224,0.2175,0.5498,3.5138,0.5808,5.8172,0.5864,8.6264
"gamma",1.20165202047199,NA,1.8245,7.9931,0.2998,0.3244,4.3625,0.3278,7.4266,0.328,11.2441
"gamma",4.23496494852293,NA,0.9719,4.4168,0.1478,0.8258,2.9014,0.9494,4.6598,1.0026,6.7448
"gamma",58.6140913847115,NA,0.2612,3.1024,0.0375,1.457,2.009,1.9858,2.9887,2.4596,4.0406
"gamma",5.94211584599193,148.245375239349,0.8205,4.0097,0.1236,0.947,2.6937,1.1315,4.2685,1.2318,6.1092
"gamma",2.42660672710734,NA,1.2839,5.4726,0.2014,0.6044,3.3701,0.6483,5.5453,0.6582,8.1843
"gamma",1.30033766326383,NA,1.7539,7.6142,0.2864,0.3536,4.2164,0.3586,7.1491,0.3589,10.7927
"gamma",2.71111724790218,NA,1.2147,5.2131,0.1876,0.65,3.2608,0.7067,5.3385,0.7217,7.848
"gamma",6.23727726883441,NA,0.8008,3.962,0.1212,0.9633,2.6675,1.1568,4.2193,1.2649,6.0294
"gamma",1.66740403464588,NA,1.5489,6.5984,0.2476,0.4505,3.8224,0.4647,6.4018,0.4663,9.5773
"gamma",4.86838664267021,165.39833027334,0.9064,4.2324,0.1359,0.8771,2.8102,1.0253,4.488,1.0962,6.4656
"gamma",3.0678541926384,NA,1.1419,4.9558,0.1753,0.7001,3.1492,0.7731,5.1277,0.7958,7.5053
"gamma",1.11941439751573,NA,1.8903,8.3599,0.312,0.2991,4.5042,0.3014,7.6958,0.3015,11.682
"gamma",1.70519524287321,NA,1.5316,6.5187,0.2457,0.4596,3.7912,0.4749,6.3426,0.4767,9.4808
"gamma",2.22359687810298,NA,1.3412,5.6983,0.2087,0.5684,3.4632,0.6034,5.7215,0.6103,8.4708
"gamma",2.6644142649028,NA,1.2253,5.2519,0.19,0.6428,3.2773,0.6974,5.3697,0.7115,7.8988
"gamma",1.75538776312198,NA,1.5095,6.418,0.2412,0.4713,3.7516,0.4883,6.2676,0.4904,9.3589
"gamma",1.93043557265582,193.70266390508,1.4395,6.1081,0.2289,0.5101,3.6287,0.5334,6.0348,0.5369,8.9803
"gamma",3.61606311346893,NA,1.0517,4.6593,0.1586,0.7653,3.0158,0.8628,4.8757,0.8991,7.0956
"gamma",4.13763459235094,191.092657684349,0.9832,4.4501,0.1518,0.817,2.9174,0.9367,4.6901,0.9872,6.794
"gamma",3.78571068910183,161.280003227317,1.0279,4.5849,0.1605,0.7831,2.9813,0.888,4.8105,0.9288,6.9897
"gamma",1.83240960743823,NA,1.4775,6.2744,0.2326,0.4888,3.6948,0.5085,6.16,0.5111,9.184
"gamma",3.13443027335627,NA,1.1297,4.9142,0.1756,0.7087,3.1309,0.7848,5.0931,0.809,7.449
"gamma",1.07386908699363,208.894541550311,1.93,8.5873,0.3195,0.2847,4.5922,0.2865,7.8631,0.2866,11.9542
"gamma",3.69243772927849,NA,1.0408,4.6249,0.1597,0.7734,2.9999,0.8743,4.8457,0.9126,7.0469
"gamma",1.4374661523907,NA,1.6681,7.174,0.2693,0.3918,4.0464,0.3997,6.8265,0.4003,10.2679
"gamma",1.74216599314779,NA,1.5153,6.444,0.2409,0.4682,3.7618,0.4848,6.2869,0.4868,9.3904
"gamma",8.36091826227587,NA,0.6917,3.7176,0.1045,1.0563,2.5254,1.3043,3.9522,1.4626,5.5962
"gamma",1.60020859805366,NA,1.581,6.7495,0.2528,0.4341,3.8815,0.4462,6.5138,0.4474,9.7593
"gamma",1.28123240406907,190.279622178583,1.7669,7.683,0.2876,0.348,4.2429,0.3527,7.1995,0.353,10.8746
"gamma",1.11249584285961,NA,1.8962,8.3933,0.3132,0.2969,4.5171,0.2992,7.7203,0.2993,11.7219
"gamma",3.47837291163206,NA,1.0724,4.7249,0.1627,0.7501,3.0459,0.8416,4.9325,0.8743,7.188
"gamma",1.35294628743457,221.803150561906,1.7195,7.4348,0.2798,0.3686,4.1471,0.3746,7.0177,0.375,10.5789
"gamma",1.92450413935899,NA,1.4417,6.1177,0.2288,0.5089,3.6325,0.5319,6.042,0.5353,8.9921
"gamma",1.49307064971072,NA,1.6368,7.0186,0.265,0.4066,3.9861,0.4159,6.7122,0.4167,10.0821
"gamma",3.82093721128562,NA,1.0232,4.5703,0.1565,0.7866,2.9744,0.8931,4.7976,0.9348,6.9688
"gamma",2.90052351132862,NA,1.1743,5.0686,0.1817,0.6774,3.1986,0.7428,5.2209,0.7617,7.6568
"gamma",1.11678938455619,NA,1.8925,8.3725,0.3121,0.2983,4.5091,0.3006,7.705,0.3007,11.6971
"gamma",1.87885604224098,NA,1.4591,6.1934,0.2314,0.499,3.6627,0.5204,6.0992,0.5234,9.085
"gamma",1.12785847392194,NA,1.8832,8.3198,0.3104,0.3017,4.4887,0.3042,7.6663,0.3043,11.634
"gamma",1.55362991395285,206.321905451699,1.6046,6.8619,0.2581,0.4223,3.9253,0.4332,6.5968,0.4342,9.8944
"gamma",2.4677062155853,130.134747529821,1.2732,5.4314,0.1984,0.6114,3.3529,0.6571,5.5128,0.6676,8.1314
"gamma",1.95485121057995,NA,1.4305,6.0693,0.2257,0.5153,3.6132,0.5395,6.0054,0.5432,8.9325
"gamma",8.61908811256522,154.961427287664,0.6812,3.6961,0.1021,1.0654,2.5121,1.319,3.9272,1.4827,5.5556
"gamma",9.46141762937033,185.527202137047,0.6502,3.6342,0.0973,1.0926,2.4727,1.3632,3.8534,1.5439,5.436
"gamma",5.66160212774919,NA,0.8405,4.0598,0.1265,0.9305,2.7206,1.106,4.3191,1.1988,6.1915
"gamma",1.10450448608585,211.331203581765,1.903,8.4323,0.3133,0.2944,4.5322,0.2966,7.749,0.2966,11.7686
"gamma",1.32438500887731,189.90319507909,1.7379,7.5304,0.2833,0.3605,4.184,0.3659,7.0877,0.3663,10.6929
"gamma",2.53589602984581,NA,1.2559,5.366,0.1963,0.6226,3.3255,0.6713,5.461,0.6831,8.0471
"gamma",9.9092566446047,NA,0.6353,3.6055,0.0951,1.1058,2.454,1.3847,3.8183,1.5739,5.3791
"gamma",1.0012944859813,NA,1.9987,8.9922,0.3322,0.2611,4.7497,0.2623,8.1626,0.2623,12.4415
"gamma",15.0186569224214,207.426462149876,0.5161,3.3995,0.0776,1.2136,2.3069,1.5642,3.5429,1.8296,4.9334
"gamma",1.14935959368013,NA,1.8655,8.2203,0.3067,0.3084,4.4502,0.3111,7.5932,0.3112,11.5151
"gamma",2.08561057953327,185.288684060797,1.3849,5.8769,0.22,0.5419,3.5358,0.5713,5.8589,0.5764,8.6943
"gamma",1.5882655643102,134.137639683858,1.587,6.7777,0.2527,0.4311,3.8925,0.4429,6.5346,0.444,9.7932
"gamma",1.4065619875089,NA,1.6864,7.2657,0.273,0.3834,4.0818,0.3906,6.8938,0.3911,10.3774
"gamma",1.53681653880726,NA,1.6133,6.9042,0.2585,0.418,3.9417,0.4284,6.628,0.4293,9.9451
"gamma",11.0705909968725,147.704515398014,0.6011,3.542,0.0887,1.1363,2.4112,1.435,3.7381,1.6445,5.2492
"gamma",1.05892515281623,NA,1.9436,8.6661,0.3228,0.2799,4.6228,0.2816,7.9212,0.2816,12.0489
"gamma",1.34201842507853,NA,1.7264,7.4709,0.282,0.3655,4.1611,0.3713,7.0441,0.3717,10.622
"gamma",10.6315085868261,NA,0.6134,3.5644,0.0935,1.1253,2.4265,1.4169,3.7668,1.6189,5.2956
"gamma",1.21910982658712,NA,1.8114,7.9216,0.2993,0.3297,4.3349,0.3333,7.3742,0.3335,11.1589
"gamma",1.23248579352673,NA,1.8015,7.8682,0.2947,0.3337,4.3143,0.3376,7.3351,0.3377,11.0953
"gamma",1.88746758448482,184.282573820697,1.4558,6.1789,0.2309,0.5009,3.6569,0.5226,6.0882,0.5257,9.0672
"gamma",1.04091820902997,NA,1.9603,8.7641,0.3258,0.274,4.6609,0.2756,7.9936,0.2756,12.1666
"gamma",1.52502198921833,160.82519338344,1.6195,6.9344,0.2595,0.415,3.9534,0.425,6.6502,0.4259,9.9813
"gamma",26.2739980545828,134.659268651134,0.3902,3.2284,0.0587,1.3317,2.1571,1.7664,3.2636,2.1274,4.4825
"gamma",4.42584610075776,NA,0.9507,4.3557,0.1443,0.8422,2.8716,0.9735,4.6037,1.032,6.6536
"gamma",2.10089151824869,NA,1.3798,5.8559,0.2175,0.545,3.5274,0.5749,5.8429,0.5802,8.6682
"gamma",1.79517581851231,NA,1.4927,6.3423,0.237,0.4804,3.7217,0.4988,6.2109,0.5012,9.2668
"gamma",1.308571502977,NA,1.7484,7.5852,0.2844,0.3559,4.2052,0.3611,7.1278,0.3614,10.7581
"gamma",1.65115138098889,199.765062588721,1.5565,6.6338,0.2508,0.4466,3.8363,0.4603,6.4281,0.4617,9.62
"gamma",2.63081695582662,135.810881652776,1.2331,5.2807,0.193,0.6377,3.2895,0.6907,5.3928,0.7042,7.9363
"gamma",4.99954920235975,NA,0.8945,4.2001,0.1375,0.8867,2.7938,1.0396,4.457,1.1142,6.4153
"gamma",1.14488994150888,NA,1.8692,8.2407,0.3084,0.3071,4.4581,0.3097,7.6082,0.3098,11.5395
"gamma",1.49674560077717,214.908333116793,1.6348,7.0087,0.2648,0.4076,3.9823,0.4169,6.705,0.4177,10.0703
"gamma",1.03130399093581,NA,1.9694,8.8179,0.3273,0.2709,4.6818,0.2724,8.0334,0.2724,12.2313
"gamma",2.24943323524366,NA,1.3335,5.6673,0.2084,0.5732,3.4505,0.6093,5.6975,0.6165,8.4318
"gamma",2.93273233374625,177.119015538658,1.1679,5.0459,0.1817,0.6819,3.1887,0.7488,5.2023,0.7684,7.6265
"gamma",1.02713079898348,NA,1.9734,8.8415,0.3272,0.2695,4.691,0.271,8.0509,0.271,12.2598
"gamma",1.01716360932961,NA,1.9831,8.8988,0.3309,0.2663,4.7133,0.2676,8.0932,0.2676,12.3287
"gamma",2.26714318960262,221.708474151848,1.3283,5.6465,0.2074,0.5764,3.442,0.6133,5.6813,0.6207,8.4055
"gamma",1.81342270777896,NA,1.4852,6.3087,0.2375,0.4845,3.7084,0.5036,6.1857,0.5061,9.2258
"gamma",1.10133818600578,NA,1.9058,8.4479,0.3164,0.2934,4.5382,0.2955,7.7605,0.2956,11.7873
"gamma",1.72425581132448,178.151911523193,1.5231,6.4798,0.244,0.4641,3.7759,0.4801,6.3136,0.4819,9.4337
"gamma",3.27473856901797,205.581248770305,1.1052,4.8322,0.1687,0.7262,3.0944,0.8086,5.024,0.8362,7.3368
"gamma",2.17906585510708,NA,1.3549,5.7535,0.2129,0.56,3.4858,0.5932,5.7641,0.5995,8.5401
"gamma",1.69251121308357,213.389916808519,1.5373,6.545,0.2432,0.4566,3.8015,0.4715,6.3622,0.4732,9.5128
"gamma",1.08633506519413,NA,1.9189,8.5232,0.3156,0.2886,4.5674,0.2906,7.8158,0.2907,11.8774
"gamma",1.48148683276926,NA,1.6432,7.05,0.2647,0.4036,3.9983,0.4125,6.7353,0.4133,10.1197
"gamma",1.37014756682722,156.377850469202,1.7086,7.3791,0.2776,0.3734,4.1256,0.3798,6.9769,0.3802,10.5126
"gamma",2.38377328535877,NA,1.2954,5.517,0.2053,0.5971,3.3886,0.6391,5.5802,0.6483,8.2411
"gamma",5.87114180287386,NA,0.8254,4.0219,0.1248,0.9429,2.7003,1.1252,4.2809,1.2236,6.1294
"gamma",2.0699459084936,NA,1.3901,5.8986,0.2192,0.5388,3.5446,0.5675,5.8756,0.5725,8.7213
"gamma",53.052101375195,NA,0.2746,3.1131,0.0418,1.4438,2.0241,1.9625,3.0167,2.424,4.0854
"gamma",1.39073560028523,NA,1.6959,7.3143,0.2738,0.3791,4.1006,0.3859,6.9294,0.3864,10.4353
"gamma",1.0326333451027,NA,1.9681,8.8104,0.3278,0.2713,4.6789,0.2728,8.0278,0.2728,12.2223
"gamma",1.17711954303493,NA,1.8434,8.0972,0.3019,0.317,4.4027,0.32,7.5029,0.3202,11.3682
"inverse gamma",9.65954290712066,-54.2121294134297,1.6623,8.9376,0.1872,0.844,4.3639,1.0426,8.9199,1.1885,17.6672
"inverse gamma",9.75957346669212,-36.5143902131822,1.6484,8.8252,0.1862,0.8469,4.3389,1.0467,8.8434,1.1936,17.4498
"inverse gamma",16.2381241421839,NA,1.1401,5.5995,0.1446,0.9841,3.4213,1.2457,6.2341,1.4484,10.664
"inverse gamma",11.936132034719,12.1202251575328,1.411,7.1186,0.1657,0.9025,3.9105,1.1263,7.5753,1.2944,13.9966
"inverse gamma",13.0963774516364,NA,1.3197,6.5593,0.1606,0.9275,3.745,1.1626,7.1089,1.3409,12.7998
"inverse gamma",12.1372453108281,NA,1.3938,7.0095,0.1681,0.907,3.8794,1.1328,7.4866,1.3028,13.7658
"inverse gamma",11.6366719530085,-43.4190869069658,1.4377,7.2923,0.1709,0.8955,3.959,1.1163,7.7145,1.2817,14.3616
"inverse gamma",16.0076350971428,-48.0941157788504,1.1509,5.6521,0.1471,0.9804,3.4405,1.2402,6.2848,1.4413,10.7838
"inverse gamma",32.2381560441202,-98.9422368634027,0.7523,4.0915,0.1061,1.1488,2.7519,1.4955,4.5843,1.7811,7.0393
"inverse gamma",24.2006413051111,NA,0.889,4.5411,0.1203,1.0831,2.9809,1.3943,5.1246,1.6447,8.1668
"inverse gamma",47.3935943870011,-104.231658434495,0.6071,3.7038,0.0873,1.2296,2.5202,1.6226,4.0629,1.9558,6.0079
"inverse gamma",25.3484825795684,NA,0.8649,4.4556,0.116,1.094,2.9398,1.411,5.0258,1.667,7.9562
"inverse gamma",18.001226372621,18.3175040065311,1.0666,5.2569,0.1362,1.0105,3.2903,1.2848,5.8946,1.4996,9.8743
"inverse gamma",10.9257830956297,-57.0787969206925,1.5078,7.7689,0.177,0.8782,4.0859,1.0914,8.0838,1.2501,15.3469
"inverse gamma",11.0696138439141,11.2682945434004,1.4928,7.6642,0.1783,0.8818,4.0588,1.0966,8.0042,1.2566,15.1325
"inverse gamma",26.8508861351926,NA,0.836,4.3569,0.1112,1.1074,2.8911,1.4316,4.9098,1.6947,7.7114
"inverse gamma",11.423385183074,-33.2567060636822,1.4577,7.4251,0.172,0.8905,3.9952,1.109,7.8192,1.2724,14.6385
"inverse gamma",13.18008752428,14.087104415521,1.3138,6.5248,0.1624,0.9292,3.7343,1.1651,7.0791,1.3441,12.7246
"inverse gamma",15.5600674915453,16.1328094563447,1.1727,5.7604,0.1489,0.9731,3.4797,1.2293,6.3882,1.4271,11.0298
"inverse gamma",12.7166315429681,-38.3100743982941,1.3476,6.7251,0.1641,0.9196,3.7956,1.1511,7.2501,1.3262,13.1579
"inverse gamma",16.4207125629159,17.3407855846826,1.1318,5.5593,0.1438,0.987,3.4064,1.2499,6.1951,1.454,10.5721
"inverse gamma",29.3449978961807,37.0162287652725,0.794,4.2196,0.1077,1.1278,2.8207,1.4629,4.744,1.7369,7.3664
"inverse gamma",25.9473017839128,32.3257174969651,0.853,4.4146,0.1148,1.0995,2.9197,1.4194,4.9779,1.6783,7.8548
"inverse gamma",31.5059250776051,39.6783294275519,0.7622,4.1213,0.1043,1.1437,2.7682,1.4876,4.622,1.7704,7.116
"inverse gamma",9.99213802813925,-56.189031257201,1.6173,8.5794,0.1859,0.8535,4.2832,1.056,8.6734,1.2054,16.9703
"inverse gamma",30.936419115193,NA,0.7702,4.1456,0.1064,1.1397,2.7814,1.4813,4.6525,1.7618,7.1783
"inverse gamma",11.3004401415517,NA,1.4696,7.5054,0.1748,0.8875,4.0168,1.1047,7.8819,1.267,14.8051
"inverse gamma",23.4877758521568,-83.3511819019914,0.905,4.5995,0.1206,1.076,3.0083,1.3835,5.1911,1.6302,8.3096
"inverse gamma",18.3931013614754,NA,1.0521,5.1927,0.1346,1.0159,3.2647,1.293,5.829,1.5103,9.7244
"inverse gamma",10.3895225202143,NA,1.5679,8.2035,0.1815,0.8643,4.1943,1.0715,8.4057,1.2249,16.2255
"inverse gamma",15.3828949184271,NA,1.1817,5.8058,0.1479,0.9701,3.4958,1.2249,6.4311,1.4214,11.1323
"inverse gamma",10.313410849581,10.454987836061,1.577,8.2716,0.181,0.8623,4.2108,1.0686,8.4549,1.2212,16.3614
"inverse gamma",55.5951449805722,NA,0.5568,3.5903,0.0786,1.2605,2.4431,1.672,3.8952,2.0246,5.6882
"inverse gamma",13.7093313425314,14.3535464202985,1.2781,6.3206,0.1591,0.9397,3.6696,1.1804,6.9008,1.3638,12.2785
"inverse gamma",15.1332388194455,15.7600974754896,1.1947,5.8723,0.1497,0.9658,3.5192,1.2186,6.4935,1.4133,11.2821
"inverse gamma",22.9805975222643,NA,0.917,4.6438,0.1212,1.0707,3.0289,1.3755,5.241,1.6196,8.4174
"inverse gamma",13.2214751222171,-56.9354027730878,1.3109,6.5079,0.1615,0.9301,3.729,1.1663,7.0646,1.3457,12.688
"inverse gamma",33.2635710499354,NA,0.739,4.0523,0.1009,1.1557,2.7302,1.5063,4.5344,1.7957,6.9382
"inverse gamma",27.7102018006691,-101.074484649301,0.8208,4.3062,0.1121,1.1147,2.8655,1.4428,4.8492,1.7097,7.5847
"inverse gamma",11.8670833038222,NA,1.417,7.1574,0.1689,0.9009,3.9214,1.124,7.6066,1.2915,14.0784
"inverse gamma",14.4142439049701,-48.2286098876037,1.2347,6.0826,0.1528,0.953,3.5913,1.1998,6.6873,1.3889,11.7523
"inverse gamma",34.7358868850279,-55.3650359087624,0.7211,4.0007,0.1013,1.1651,2.7011,1.521,4.4679,1.8158,6.8041
"inverse gamma",10.3501039239187,-36.559746921109,1.5726,8.2385,0.1804,0.8633,4.2028,1.07,8.4311,1.223,16.2955
"inverse gamma",12.4477547722533,-72.3574143666774,1.3685,6.8519,0.1661,0.9138,3.8334,1.1427,7.3565,1.3155,13.4301
"inverse gamma",9.92167399008572,NA,1.6265,8.6517,0.1841,0.8515,4.2997,1.0532,8.7238,1.2019,17.1119
"inverse gamma",50.3427042539171,NA,0.5875,3.6583,0.0835,1.2415,2.4899,1.6415,3.9967,1.9821,5.881
"inverse gamma",12.2431327580237,-69.7696465458721,1.385,6.9544,0.1658,0.9094,3.8634,1.1362,7.4413,1.3071,13.6486
"inverse gamma",15.0098594097514,NA,1.2013,5.9063,0.1512,0.9637,3.5311,1.2155,6.5252,1.4092,11.3586
"inverse gamma",11.4782721316889,NA,1.4525,7.3902,0.171,0.8918,3.9858,1.1109,7.7918,1.2748,14.5658
"inverse gamma",14.8817242489636,NA,1.2083,5.9425,0.151,0.9614,3.5436,1.2122,6.5588,1.4049,11.4398
"inverse gamma",13.3771018716812,NA,1.3002,6.4459,0.159,0.9332,3.7096,1.1708,7.0108,1.3515,12.5529
"inverse gamma",13.4420427124149,14.3482098164409,1.2958,6.4207,0.1598,0.9345,3.7016,1.1727,6.9887,1.354,12.4978
"inverse gamma",9.5997865118701,NA,1.6708,9.0067,0.189,0.8423,4.379,1.0401,8.9666,1.1854,17.8004
"inverse gamma",20.0355806336319,NA,0.9972,4.9587,0.1338,1.0373,3.168,1.325,5.5848,1.5525,9.1733
"inverse gamma",19.2868600943894,NA,1.0211,5.0589,0.1337,1.0278,3.2101,1.3108,5.6905,1.5337,9.4103
"inverse gamma",12.6494023312582,12.7853303623293,1.3528,6.756,0.1627,0.9182,3.8049,1.149,7.2762,1.3235,13.2245
"inverse gamma",12.8454636216727,12.9357390877791,1.338,6.6672,0.1614,0.9223,3.7781,1.155,7.2011,1.3312,13.0331
"inverse gamma",10.2730593505665,NA,1.5819,8.3084,0.1814,0.8612,4.2196,1.067,8.4814,1.2193,16.4347
"inverse gamma",13.8914017662816,NA,1.2665,6.2557,0.1572,0.9432,3.6486,1.1855,6.8432,1.3704,12.1357
"inverse gamma",12.5457064376073,NA,1.3608,6.8047,0.1644,0.916,3.8195,1.1458,7.3171,1.3194,13.3291
"inverse gamma",20.8722377605177,NA,0.9723,4.8577,0.13,1.0474,3.1246,1.3402,5.4765,1.5726,8.9326
"inverse gamma",9.82005322445836,NA,1.6401,8.7592,0.1861,0.8486,4.3241,1.0491,8.7982,1.1967,17.3218
"inverse gamma",40.0229936830243,NA,0.6662,3.8508,0.0931,1.1952,2.613,1.5682,4.2686,1.8805,6.4081
"inverse gamma",10.0236102285013,NA,1.6132,8.5477,0.1852,0.8543,4.2758,1.0573,8.6512,1.207,16.908
"inverse gamma",13.0057670096809,NA,1.3262,6.5975,0.1623,0.9257,3.7568,1.1599,7.1417,1.3374,12.8826
"inverse gamma",10.826845038305,NA,1.5184,7.8436,0.1754,0.8757,4.105,1.0878,8.1401,1.2455,15.4993
"inverse gamma",15.7777093654762,NA,1.162,5.7067,0.1491,0.9767,3.4604,1.2347,6.3371,1.4341,10.9079
"inverse gamma",160.353295085207,NA,0.3199,3.1928,0.0457,1.4287,2.1057,1.9485,3.1939,2.4205,4.4158
"inverse gamma",134.800559284329,NA,0.3497,3.2307,0.0506,1.4053,2.1458,1.9093,3.2744,2.3633,4.5564
"inverse gamma",9.95355583613366,10.1046513401344,1.6223,8.6187,0.1836,0.8524,4.2922,1.0545,8.7009,1.2035,17.0475
"inverse gamma",11.3698036232868,NA,1.4629,7.4597,0.175,0.8892,4.0046,1.1071,7.8463,1.27,14.7104
"inverse gamma",10.6345816669578,-66.8626191956922,1.5396,7.9956,0.1795,0.8708,4.1433,1.0807,8.2534,1.2366,15.8076
"inverse gamma",19.5344514395949,21.960180131346,1.013,5.0246,0.1313,1.031,3.1958,1.3155,5.6546,1.54,9.3294
"inverse gamma",16.6557127502072,NA,1.1214,5.5093,0.1416,0.9907,3.3877,1.2554,6.1464,1.461,10.4577
"inverse gamma",13.7642830129566,-40.5872639671434,1.2746,6.3008,0.1588,0.9408,3.6632,1.1819,6.8832,1.3658,12.2349
"inverse gamma",10.688554315581,NA,1.5335,7.952,0.1807,0.8722,4.1324,1.0827,8.2211,1.2391,15.7194
"inverse gamma",11.2619744275138,-43.6572022851557,1.4734,7.5311,0.1745,0.8866,4.0237,1.1034,7.9018,1.2653,14.8583
"inverse gamma",23.205945107501,27.2508779548109,0.9116,4.6239,0.1197,1.0731,3.0196,1.3791,5.2186,1.6243,8.3688
"inverse gamma",11.5373958109012,NA,1.4469,7.3531,0.1723,0.8932,3.9757,1.1129,7.7626,1.2774,14.4886
"inverse gamma",222.824416526741,NA,0.2704,3.1376,0.0404,1.469,2.0409,2.0167,3.0654,2.5208,4.1941
"inverse gamma",14.0483360903831,14.3019871597923,1.2567,6.2018,0.1543,0.9462,3.6309,1.1899,6.7949,1.3761,12.0166
"inverse gamma",22.3154169960837,-80.044724714011,0.9334,4.7058,0.1252,1.0637,3.0572,1.3648,5.3102,1.6053,8.5676
"inverse gamma",14.7693673292501,-52.4348229027353,1.2145,5.975,0.1515,0.9594,3.5548,1.2092,6.5888,1.4011,11.5125
"inverse gamma",36.3448098294712,NA,0.703,3.9498,0.0975,1.1749,2.6718,1.5362,4.4012,1.8366,6.6707
"inverse gamma",16.8348997613904,17.9667315730685,1.1136,5.4725,0.1403,0.9934,3.3738,1.2594,6.1102,1.4664,10.3732
"inverse gamma",10.8718329290731,NA,1.5135,7.8093,0.1741,0.8769,4.0962,1.0894,8.1144,1.2476,15.4295
"inverse gamma",19.0466973965196,NA,1.0292,5.0932,0.1331,1.0247,3.2242,1.3061,5.7263,1.5275,9.4911
"inverse gamma",20.3447808992565,23.4641783589497,0.9878,4.9201,0.1294,1.0411,3.1516,1.3307,5.5437,1.56,9.0816
"inverse gamma",14.5238496840256,NA,1.2284,6.0486,0.1547,0.955,3.5798,1.2028,6.6563,1.3927,11.6766
"inverse gamma",27.3905468738284,34.5064223951893,0.8264,4.3246,0.1124,1.112,2.8748,1.4387,4.8713,1.7042,7.6308
"inverse gamma",10.0962558951024,-38.0112532519735,1.6039,8.4758,0.1842,0.8564,4.2591,1.0602,8.6006,1.2106,16.7665
"inverse gamma",15.9572217994405,16.9481094736559,1.1533,5.6639,0.1479,0.9796,3.4448,1.239,6.2962,1.4397,10.8107
"inverse gamma",16.5613892764512,-42.2316921542399,1.1255,5.5292,0.1441,0.9892,3.3951,1.2532,6.1657,1.4582,10.5031
"inverse gamma",10.6155159505084,10.7703695069579,1.5417,8.0112,0.1787,0.8703,4.1471,1.08,8.265,1.2357,15.8391
"inverse gamma",24.6679786147224,-111.224869580474,0.8789,4.5051,0.1195,1.0876,2.9637,1.4012,5.0832,1.6539,8.0784
"inverse gamma",21.2105048796185,23.8175696896389,0.9627,4.8197,0.1281,1.0513,3.108,1.3461,5.4353,1.5805,8.8418
"inverse gamma",10.4731281261893,10.4436533364886,1.558,8.1307,0.1805,0.8665,4.1766,1.0747,8.3527,1.2289,16.0796
"inverse gamma",10.0499534219317,10.0973627369199,1.6098,8.5214,0.1848,0.8551,4.2697,1.0583,8.6327,1.2083,16.8563
"inverse gamma",9.77901563745551,NA,1.6457,8.8038,0.1865,0.8474,4.3342,1.0475,8.8288,1.1946,17.4084
"inverse gamma",58.4119894169029,NA,0.5422,3.5593,0.077,1.2698,2.4211,1.6868,3.8478,2.0455,5.5988
"beta",0.748255539609818,2.38221644005226,0.9696,3.2015,0.2956,0.2168,1.8632,0.217,2.062,0.217,2.107
"beta",1.08730279801367,57.2844177053776,1.8176,7.7772,0.3115,0.2928,4.3157,0.2948,7.1498,0.2948,10.4397
"beta",0.196299354266375,1.37566928319633,2.0379,6.5548,0.8033,0.0035,5.2063,0.0035,5.3942,0.0035,5.407
"beta",0.536033488707617,6.88593128148816,2.036,8.0458,0.4628,0.1013,4.7835,0.1013,6.7982,0.1013,8.2162
"beta",0.162680274809012,1.01490450329846,1.948,5.8934,0.864,0.0012,4.929,0.0012,4.9813,0.0012,4.9827
"beta",0.345341409929097,2.51977698135679,1.8839,6.393,0.592,0.0356,4.1926,0.0356,4.8123,0.0356,4.9689
"beta",0.290186091986019,2.0574874982324,1.9251,6.3974,0.6576,0.0201,4.3723,0.0201,4.817,0.0201,4.8956
"beta",3.72657459227485,16.4140277284058,0.6738,3.3922,0.1146,0.878,2.2851,1.0009,3.2848,1.0484,4.1854
"beta",0.796738670886494,4.47041127616027,1.3411,4.6458,0.3289,0.2161,2.8766,0.2164,3.6525,0.2164,4.0402
"beta",0.156235253209714,1.00097193912137,1.9874,6.0564,0.8762,9e-04,5.2632,9e-04,5.3166,9e-04,5.3179
"beta",0.298478122712113,3.29043650553213,2.3144,8.9044,0.6587,0.0214,6.1706,0.0214,7.6442,0.0214,8.1928
"beta",0.183072335210396,1.72907966902223,2.3973,8.6439,0.8318,0.0023,7.7565,0.0023,8.3619,0.0023,8.4364
"beta",0.153819265710656,1.48714520432637,2.4886,8.995,0.8856,8e-04,9.3111,8e-04,9.8114,8e-04,9.8539
"beta",0.663350645104889,9.55410036175512,1.9363,7.7443,0.4078,0.1496,4.4996,0.1497,6.6719,0.1497,8.4636
"beta",0.170219918410294,1.19132226628065,2.0732,6.5933,0.8516,0.0015,5.6655,0.0015,5.7899,0.0015,5.7954
"beta",0.925813969256124,14.9360739517072,1.7323,6.9445,0.3294,0.2461,4.0363,0.2468,6.2074,0.2468,8.2693
"beta",0.197682229878614,1.68902223871602,2.2564,7.8466,0.8035,0.0036,6.5595,0.0036,7.0219,0.0036,7.0757
"beta",0.168099645234412,0.942736814824399,1.8176,5.2905,0.8502,0.0015,4.1012,0.0015,4.13,0.0015,4.1305
"beta",0.985489161130972,2.82585567203118,0.8325,3.0061,0.2284,0.324,1.7898,0.3255,2.0367,0.3255,2.109
"beta",0.214969756599749,1.95435987744853,2.2917,8.1931,0.7781,0.0055,6.597,0.0055,7.2606,0.0055,7.367
"beta",2.14294254343258,48.6827654798049,1.2419,5.159,0.2061,0.569,3.2295,0.602,5.131,0.608,7.2433
"beta",0.243536228414625,2.1801551466505,2.2234,7.9416,0.7309,0.0098,5.9811,0.0098,6.7209,0.0098,6.8675
"beta",0.276982438098639,1.75761315750098,1.8325,5.8448,0.6711,0.0172,3.9616,0.0172,4.2339,0.0172,4.2685
"beta",0.356694752597716,4.21244076605164,2.26,8.8565,0.5943,0.0377,5.7435,0.0377,7.5084,0.0377,8.3694
"beta",0.298249765262008,1.42478634279408,1.5319,4.5045,0.6294,0.0235,2.7664,0.0235,2.8607,0.0235,2.8678
"beta",0.255895846640458,2.24090791453142,2.1801,7.7409,0.7099,0.0121,5.6868,0.0121,6.42,0.0121,6.5726
"beta",0.225944312471896,2.11954659948591,2.3035,8.3478,0.7585,0.007,6.5652,0.007,7.3495,0.007,7.4972
"beta",0.167987640020438,0.566880870002322,1.2451,3.0963,0.8245,0.0017,1.5956,0.0017,1.5958,0.0017,1.5958
"beta",0.938753508126829,13.6105921902694,1.6894,6.6952,0.3258,0.2519,3.9278,0.2527,5.9742,0.2527,7.8642
"beta",0.930298150873277,2.74750224236446,0.866,3.0579,0.241,0.2992,1.8149,0.3002,2.0565,0.3002,2.1244
"beta",0.390593894629274,4.93256606063247,2.2472,8.944,0.5652,0.0485,5.6253,0.0485,7.5977,0.0485,8.7055
"beta",2.98521035328135,16.1393871334731,0.8049,3.6567,0.1385,0.7666,2.4495,0.8474,3.5556,0.8718,4.5612
"beta",0.765771152271191,2.22073142075073,0.8935,2.9952,0.2804,0.2295,1.7075,0.2298,1.8633,0.2298,1.8945
"beta",0.401746408995008,1.45164381752722,1.2053,3.494,0.4916,0.0614,1.9274,0.0614,1.9906,0.0614,1.9955
"beta",0.132303522212896,0.574337974903872,1.548,4.0058,0.9118,3e-04,2.8576,3e-04,2.8583,3e-04,2.8583
"beta",0.330455305838957,3.56477021977538,2.2368,8.5463,0.6194,0.0301,5.7081,0.0301,7.1813,0.0301,7.7836
"beta",0.153091798083857,0.915905101615936,1.9095,5.6508,0.881,8e-04,4.7859,8e-04,4.8161,8e-04,4.8166
"beta",0.716010160692036,9.38758729061112,1.8417,7.2414,0.3847,0.1706,4.242,0.1707,6.2438,0.1707,7.8764
"beta",0.975244442484341,10.6093049151683,1.5643,6.0074,0.312,0.2689,3.6141,0.27,5.3153,0.27,6.7532
"beta",0.307928791313432,2.84396526559629,2.1437,7.7971,0.6426,0.0241,5.3445,0.0241,6.3586,0.0241,6.6682
"beta",0.461137317880522,2.18618987487932,1.4121,4.3989,0.4674,0.0811,2.6487,0.0811,2.9159,0.0811,2.9684
"beta",0.265675115567865,2.14184598898771,2.0833,7.1969,0.6949,0.0142,5.1585,0.0142,5.7527,0.0142,5.8664
"beta",0.163140699444572,1.13078039311804,2.0718,6.5418,0.8637,0.0012,5.7479,0.0012,5.8507,0.0012,5.8545
"beta",0.175789611246437,1.41059040698293,2.2239,7.493,0.8433,0.0018,6.6316,0.0018,6.9087,0.0018,6.9291
"beta",0.20859029230848,1.13823170862161,1.7466,5.1428,0.7739,0.0051,3.6004,0.0051,3.6582,0.0051,3.6604
"beta",0.530490614179056,4.75302514340356,1.8304,6.6944,0.4565,0.1017,4.1022,0.1017,5.3944,0.1017,6.0885
"beta",0.88135233031353,9.6416360651236,1.6292,6.2433,0.3318,0.2349,3.7346,0.2354,5.4503,0.2355,6.8517
"beta",0.398441916407784,1.3069143611053,1.1177,3.2004,0.4775,0.0617,1.6877,0.0617,1.7251,0.0617,1.7273
"beta",0.570210288070375,4.63876293062582,1.7294,6.2087,0.4311,0.1183,3.8043,0.1183,4.955,0.1183,5.5581
"beta",1.19375462951139,6.59718224844546,1.1662,4.2948,0.248,0.3636,2.7255,0.3674,3.6705,0.3676,4.2939
"beta",0.363893859806936,4.05742474526586,2.2044,8.4983,0.5874,0.0401,5.4994,0.0401,7.1134,0.0401,7.871
"beta",1.09256473966292,12.0447935708822,1.4998,5.7934,0.2903,0.3092,3.5085,0.3114,5.212,0.3115,6.7122
"beta",0.884858504304662,22.4234418246313,1.884,7.8936,0.3467,0.2278,4.4258,0.2284,7.0774,0.2284,9.848
"beta",1.12121287845238,7.88382440425921,1.3075,4.851,0.2705,0.33,3.034,0.3327,4.23,0.3328,5.1066
"beta",0.700174767756835,2.13705329118576,0.9514,3.0972,0.3075,0.1975,1.7613,0.1976,1.9119,0.1976,1.94
"beta",1.96613646230241,52.0931377637666,1.3112,5.4286,0.2145,0.5306,3.3475,0.556,5.3558,0.56,7.6097
"beta",0.69784409187967,15.3034868430463,2.0474,8.6414,0.399,0.1601,4.8334,0.1602,7.5815,0.1602,10.2435
"beta",0.289604694968555,2.39600038549537,2.0721,7.2524,0.6636,0.0196,5.05,0.0196,5.7663,0.0196,5.9335
"beta",0.971986519257072,4.74112019991037,1.1796,4.159,0.2774,0.2892,2.606,0.2904,3.3201,0.2904,3.693
"beta",0.557348982379772,4.08274594286224,1.6717,5.858,0.4338,0.1143,3.6081,0.1143,4.5662,0.1143,5.0113
"beta",0.383804082332645,2.22102974677645,1.6409,5.2478,0.5438,0.0497,3.2944,0.0497,3.6583,0.0497,3.7321
"beta",0.348608386665583,2.63150840862445,1.9097,6.5521,0.5923,0.0365,4.2982,0.0365,4.9849,0.0365,5.1707
"beta",0.577256638907129,7.48700290230918,1.9886,7.8532,0.4401,0.1171,4.636,0.1171,6.6605,0.1171,8.1512
"beta",0.222445873473305,1.02291665799893,1.5496,4.3402,0.7419,0.0072,2.737,0.0072,2.7623,0.0072,2.7629
"beta",0.273350052729482,1.45565929844044,1.6607,4.9932,0.667,0.0168,3.2284,0.0168,3.3514,0.0168,3.3612
"beta",0.953339678772958,3.47841424351931,1.0049,3.5036,0.2581,0.2956,2.1583,0.2967,2.5713,0.2967,2.7293
"beta",0.493593603838701,7.55259183977265,2.1891,8.9945,0.4891,0.0845,5.3048,0.0845,7.7094,0.0845,9.501
"beta",0.204653324944898,0.713900556399021,1.2646,3.2554,0.7539,0.0052,1.7113,0.0052,1.7131,0.0052,1.7131
"beta",1.22520452696085,53.9310929370695,1.7002,7.1583,0.2905,0.3367,4.0655,0.3405,6.6782,0.3407,9.6823
"beta",0.326686634072103,1.53966729314299,1.4978,4.4408,0.5921,0.032,2.6932,0.032,2.8092,0.032,2.8199
"beta",1.12334217382129,5.67147773103649,1.144,4.1502,0.2533,0.3432,2.6274,0.346,3.4487,0.3461,3.9396
"beta",0.723101253077621,14.9064473472629,1.9986,8.3478,0.3896,0.1699,4.6974,0.1701,7.3318,0.1701,9.8613
"beta",1.22491556242481,43.0023668707581,1.6748,6.9915,0.2864,0.338,4.0031,0.3418,6.5199,0.342,9.356
"beta",0.412686109058559,1.42542943657842,1.1592,3.3587,0.475,0.0665,1.8234,0.0665,1.8789,0.0665,1.883
"beta",0.243237274069339,1.34856724435464,1.7301,5.2052,0.7151,0.0104,3.5055,0.0104,3.6117,0.0104,3.6185
"beta",0.282320068029687,1.25057881846372,1.4682,4.1963,0.6421,0.0196,2.5117,0.0196,2.5645,0.0196,2.5672
"beta",0.308213348916732,1.76578281988972,1.7006,5.3005,0.6257,0.0255,3.4247,0.0255,3.654,0.0255,3.6833
"beta",0.549141035910696,4.45071764444886,1.7466,6.2539,0.4423,0.1099,3.8418,0.1099,4.9661,0.1099,5.5344
"beta",0.452887628482888,4.02084422180336,1.9111,6.9426,0.5041,0.072,4.3368,0.072,5.5281,0.072,6.0773
"beta",1.37501626066049,4.49858039870742,0.8364,3.2549,0.1927,0.4563,2.064,0.4646,2.5614,0.4652,2.8058
"beta",0.36689462427306,1.99215378653677,1.5986,4.9983,0.5559,0.0442,3.1172,0.0442,3.388,0.0442,3.4326
"beta",0.74962012563087,12.3766912208847,1.897,7.6909,0.378,0.1814,4.4155,0.1815,6.7318,0.1815,8.8293
"beta",0.408239240773022,2.73917967781122,1.7442,5.845,0.5284,0.0574,3.6995,0.0574,4.3051,0.0574,4.4786
"beta",0.729069187039509,5.15577436383069,1.5196,5.3987,0.3605,0.1838,3.3139,0.184,4.3611,0.184,4.9549
"beta",0.909226044582203,16.2271894215746,1.775,7.1931,0.3354,0.2392,4.1432,0.2398,6.433,0.2399,8.6585
"beta",0.969591169537045,31.7262730488786,1.8556,7.8519,0.3322,0.2559,4.3774,0.2569,7.1195,0.2569,10.1337
"beta",1.022099471719,15.5206101846462,1.6445,6.5419,0.3108,0.2803,3.8486,0.2818,5.9076,0.2818,7.8742
"beta",0.232941811087774,1.75380348447338,2.0629,6.9003,0.7426,0.0082,5.1597,0.0082,5.5372,0.0082,5.585
"beta",1.01213425202691,14.8525808515912,1.6412,6.5079,0.3115,0.2773,3.8353,0.2787,5.8637,0.2788,7.7786
"beta",0.468359621142037,2.9034784604311,1.6256,5.4001,0.478,0.0807,3.3549,0.0807,3.9382,0.0807,4.1192
"beta",0.170433512325399,0.766409703600919,1.5629,4.2091,0.8378,0.0017,2.8051,0.0017,2.8104,0.0017,2.8105
"beta",1.64857619749801,8.81322003870737,1.0213,4.0026,0.1971,0.5029,2.5992,0.5189,3.6121,0.5206,4.3807
"beta",0.399910628054058,5.07953808500175,2.2348,8.9007,0.5567,0.0516,5.5625,0.0516,7.553,0.0516,8.6976
"beta",0.454204644062789,5.03027935616439,2.06,7.9082,0.5121,0.0713,4.8711,0.0713,6.548,0.0713,7.4994
"beta",0.816515300966799,6.53177254266455,1.5298,5.5914,0.3401,0.2158,3.4162,0.2161,4.6879,0.2161,5.5374
"beta",1.64415357134212,56.6172023009858,1.4557,6.0289,0.2446,0.4536,3.6013,0.4674,5.8328,0.4689,8.3753
"beta",0.33380406501051,3.28337460479233,2.1555,8.0095,0.6147,0.0312,5.3462,0.0312,6.5786,0.0312,7.0343
"beta",0.162120740433224,1.53878483500425,2.4479,8.8,0.8707,0.0011,8.6704,0.0011,9.1767,0.0011,9.2237
"beta",0.188370908286423,1.10015390038025,1.8427,5.5067,0.8137,0.0029,4.1393,0.0029,4.1992,0.0029,4.2012
"beta",0.333758269581478,1.96707997136982,1.7031,5.398,0.5942,0.0329,3.4626,0.0329,3.7633,0.0329,3.8118
"betaprime",3.88655561499763,45.6205630355515,1.1826,5.2925,0.1725,0.7556,3.3006,0.8571,5.5973,0.8974,8.6413
"betaprime",6.67123257989064,12.165906677614,1.5631,7.8483,0.1903,0.7785,4.1301,0.9196,8.0381,0.998,14.8645
"betaprime",3.56339316596277,15.5541045308672,1.5826,7.6015,0.2066,0.6679,4.0929,0.7465,7.6957,0.7751,13.5244
"betaprime",2.58411558349617,17.0964730949514,1.6872,8.0541,0.2274,0.5744,4.2472,0.619,7.9411,0.63,13.7876
"betaprime",1.73469572546892,33.1747430626303,1.7199,7.7948,0.2576,0.4505,4.2237,0.4661,7.5148,0.468,12.1409
"betaprime",7.52795599834994,12.9227317602001,1.4852,7.3519,0.1858,0.807,3.9921,0.9622,7.6632,1.053,13.9312
"betaprime",1.99974951864919,29.7221564315376,1.6451,7.4507,0.2404,0.5021,4.0973,0.5265,7.3044,0.5304,11.8675
"betaprime",1.15574324415764,94.4046849127859,1.9258,8.6909,0.3095,0.3078,4.598,0.3105,8.0051,0.3107,12.4532
"betaprime",5.83079966824967,44.2116655778373,1.0231,4.7585,0.1461,0.8802,3.0731,1.0432,5.156,1.13,7.8978
"betaprime",1.87500361196697,23.2109503177693,1.7606,8.2039,0.252,0.4724,4.3334,0.4922,7.9055,0.495,13.2134
"betaprime",5.16096313991584,27.6897919324692,1.1852,5.4494,0.1649,0.8161,3.366,0.9528,5.8578,1.0201,9.3725
"betaprime",1.42431836757809,35.4342015362694,1.8601,8.5458,0.2836,0.3778,4.4907,0.3851,8.0233,0.3857,12.9715
"betaprime",2.90548266155645,13.40612100536,1.7728,8.8535,0.2241,0.5966,4.4424,0.6511,8.6035,0.6668,15.6724
"betaprime",3.47432953435928,28.3493657171843,1.3423,6.0599,0.1901,0.6982,3.5991,0.7804,6.3196,0.8096,10.1713
"betaprime",7.33018857851625,15.0138394588977,1.3767,6.646,0.1738,0.8264,3.7835,0.9864,7.0655,1.0796,12.3956
"betaprime",2.97884970922023,65.9140669041313,1.2665,5.5419,0.1889,0.6695,3.4008,0.7357,5.7335,0.7555,8.7504
"betaprime",12.6049103559926,16.9858159502409,1.2013,5.7934,0.155,0.9194,3.4937,1.1328,6.3571,1.2786,10.8241
"betaprime",1.56264040357433,63.6265754695516,1.7002,7.5093,0.2662,0.4176,4.1486,0.4285,7.1941,0.4295,11.2224
"betaprime",1.62475824550726,30.5221171569545,1.7879,8.2017,0.2656,0.4247,4.3588,0.437,7.8192,0.4383,12.7476
"betaprime",4.6852959553618,11.9376418493222,1.6744,8.4914,0.2054,0.7093,4.31,0.8137,8.461,0.8612,15.78
"betaprime",3.89288371353177,17.323103146255,1.4855,7.0086,0.1979,0.7016,3.913,0.7925,7.2267,0.8284,12.4232
"betaprime",4.59237548899371,17.6500118320691,1.4126,6.6522,0.1878,0.7475,3.7954,0.8594,6.966,0.9099,11.9032
"betaprime",3.74837954182178,19.2709383994807,1.4489,6.7479,0.195,0.6989,3.8324,0.7867,6.9851,0.8203,11.8005
"betaprime",7.76609219054226,22.7423221405596,1.1361,5.3593,0.1538,0.8923,3.3309,1.0767,5.8628,1.1879,9.5505
"betaprime",4.58547340997029,15.2641522341827,1.4971,7.1932,0.1914,0.7327,3.962,0.8411,7.4329,0.8899,13.0641
"betaprime",4.1816371246241,42.2389372709091,1.1637,5.2413,0.1681,0.7769,3.28,0.8886,5.5721,0.9359,8.6301
"betaprime",1.92680493497755,23.7100874565309,1.7348,8.0479,0.2492,0.483,4.2837,0.5045,7.7916,0.5077,12.9802
"betaprime",8.38729205371812,11.7518188490812,1.5504,7.8449,0.1881,0.8052,4.1225,0.9641,8.0656,1.0604,15.0384
"betaprime",2.17308772401884,20.8402327376418,1.7016,7.9575,0.2387,0.5228,4.2404,0.5529,7.781,0.5585,13.1425
"betaprime",1.48379236719804,36.9780596239027,1.8185,8.2926,0.275,0.3934,4.4053,0.4021,7.8377,0.4028,12.6159
"betaprime",1.80560263637453,20.5350424177945,1.831,8.6958,0.2604,0.4556,4.4783,0.4729,8.283,0.4752,14.0829
"betaprime",8.78782993575558,19.2766806658474,1.1873,5.6458,0.1561,0.8926,3.4408,1.083,6.1703,1.2024,10.2966
"betaprime",1.75336610800587,27.1815797733027,1.7606,8.109,0.2577,0.4511,4.3171,0.4671,7.788,0.4691,12.8111
"betaprime",1.66418002981925,24.5701505085453,1.8284,8.5502,0.2659,0.4299,4.455,0.4431,8.1213,0.4446,13.5256
"betaprime",6.29987017913256,16.7463341189921,1.3438,6.3921,0.1764,0.8137,3.7044,0.9621,6.8116,1.0432,11.703
"betaprime",3.33360938587692,20.2110041263979,1.4803,6.8598,0.2042,0.6664,3.873,0.7403,7.0398,0.7654,11.8321
"betaprime",4.28506064426154,12.4124530134583,1.6706,8.397,0.2072,0.6939,4.2926,0.7895,8.3711,0.8303,15.4631
"betaprime",10.6272336387448,10.0564400352072,1.686,8.9585,0.1944,0.7985,4.3843,0.9627,8.894,1.0679,17.4041
"betaprime",3.49304214843083,12.6969572368823,1.7302,8.6965,0.2165,0.6447,4.3836,0.7181,8.5423,0.7441,15.7274
"betaprime",3.49688559142873,16.7950847520214,1.5472,7.3405,0.2056,0.6684,4.0184,0.7459,7.4726,0.7735,12.9425
"betaprime",2.31685753609054,28.3435533246724,1.5624,7.0587,0.2257,0.5557,3.9581,0.592,7.0436,0.5996,11.4512
"betaprime",8.20326894188766,13.8839693204314,1.4107,6.8944,0.1777,0.8314,3.8578,0.998,7.2965,1.0989,13.0204
"betaprime",4.37484491370618,14.0674720124016,1.5679,7.6495,0.201,0.7127,4.0945,0.8136,7.7955,0.8574,13.9582
"betaprime",2.47416952810017,17.9934788913466,1.6866,8.0004,0.2288,0.5623,4.237,0.603,7.8785,0.6125,13.5709
"betaprime",1.12879697809694,89.8524109049817,1.9512,8.8473,0.3135,0.2994,4.6546,0.3018,8.1216,0.3019,12.6616
"betaprime",2.49104431051761,42.6389109531883,1.4302,6.303,0.2135,0.593,3.6946,0.6373,6.3878,0.6477,10.0267
"betaprime",4.213919224157,82.3655408777995,1.0682,4.81,0.157,0.8005,3.0909,0.918,5.1085,0.9682,7.6518
"betaprime",13.2834811246023,10.0904626309453,1.6595,8.794,0.1923,0.8156,4.3427,0.9908,8.7929,1.108,17.1742
"betaprime",4.16876653078944,17.5286249140627,1.4522,6.8405,0.191,0.7214,3.8581,0.8211,7.1027,0.8628,12.1705
"betaprime",2.37759782170178,37.8998711062362,1.4801,6.5598,0.2179,0.5727,3.788,0.6122,6.6033,0.6208,10.4633
"betaprime",6.45481874568854,25.6683148897719,1.138,5.3091,0.1556,0.866,3.3105,1.0315,5.7728,1.1238,9.281
"betaprime",4.20844505030662,34.1870619198307,1.2066,5.4549,0.1724,0.7692,3.3675,0.8798,5.796,0.9267,9.1237
"betaprime",4.92344239250757,64.9110555092804,1.0266,4.7053,0.1504,0.846,3.0457,0.9869,5.046,1.0546,7.5967
"betaprime",1.69816440722905,20.893357310514,1.8686,8.9029,0.2649,0.4338,4.5479,0.4479,8.4148,0.4495,14.2948
"betaprime",2.51447968592867,40.1984015060822,1.435,6.34,0.2097,0.5952,3.7077,0.6404,6.4283,0.6511,10.1275
"betaprime",1.87383378709666,37.1155568898073,1.6414,7.3443,0.2443,0.4816,4.0705,0.5018,7.1707,0.5047,11.4584
"betaprime",2.74513790719211,15.234891948048,1.7181,8.3562,0.2247,0.5876,4.3223,0.6374,8.205,0.6508,14.5456
"betaprime",2.98479958600365,19.619998893002,1.5468,7.2025,0.2119,0.6293,3.9863,0.69,7.2935,0.7081,12.3415
"betaprime",1.53332322868053,29.1457863935735,1.844,8.542,0.2715,0.4026,4.4713,0.4124,8.0663,0.4133,13.2284
"betaprime",3.5865738886781,13.5390075977612,1.6709,8.2559,0.2113,0.6577,4.2701,0.7351,8.2172,0.7633,14.8859
"betaprime",5.81332342294045,29.7708945968188,1.1217,5.1933,0.155,0.8532,3.2626,1.0081,5.6263,1.0901,8.9122
"betaprime",3.61669125949498,39.86929510755,1.2415,5.5438,0.1808,0.7261,3.4025,0.8164,5.8266,0.8498,9.0947
"betaprime",2.03601066784933,24.2868829306215,1.69,7.7912,0.2397,0.5039,4.1999,0.5292,7.6072,0.5335,12.6189
"betaprime",9.70407334279269,13.0126998331957,1.4347,7.096,0.1752,0.8415,3.9144,1.0179,7.4857,1.1299,13.5607
"betaprime",3.83003498985199,12.986086052414,1.6756,8.3481,0.2106,0.6711,4.2885,0.7551,8.3061,0.7877,15.1869
"betaprime",1.31940198634984,60.257542568841,1.8458,8.3082,0.2884,0.3537,4.4389,0.359,7.7713,0.3593,12.2182
"betaprime",4.26589516387321,15.4848600411089,1.5139,7.2596,0.198,0.7161,3.9845,0.8161,7.4685,0.8588,13.1008
"betaprime",11.7172552938759,13.828350687027,1.3583,6.6595,0.1705,0.8731,3.7819,1.0666,7.136,1.1956,12.7173
"betaprime",2.38552411030047,108.248092277721,1.3568,5.8453,0.2071,0.589,3.5222,0.6303,5.9149,0.6393,8.947
"betaprime",3.27571473216172,24.3700951482751,1.4177,6.4572,0.1978,0.6713,3.7405,0.7447,6.6686,0.7692,10.9318
"betaprime",2.94979945038445,27.8610586574068,1.4292,6.4439,0.2047,0.6419,3.7392,0.7035,6.6088,0.7217,10.6976
"betaprime",11.5927390395664,11.8398177466122,1.4974,7.5578,0.182,0.8406,4.0403,1.0219,7.8734,1.1414,14.6244
"betaprime",2.31666975516127,20.1650943203131,1.6753,7.8414,0.2335,0.5443,4.199,0.5796,7.7169,0.587,13.0764
"betaprime",3.15436070308788,74.8976639959961,1.2219,5.3558,0.184,0.6934,3.3246,0.7675,5.5698,0.7913,8.4436
"betaprime",3.30324365247041,16.0508445544727,1.5978,7.6449,0.2116,0.6482,4.1104,0.7185,7.7051,0.7421,13.4737
"betaprime",7.15604639270343,17.5912565663457,1.283,6.0924,0.1685,0.8446,3.6019,1.0091,6.5619,1.1045,11.1534
"betaprime",1.74347168747336,78.1400541221723,1.5968,6.9571,0.2462,0.4616,3.9478,0.4779,6.7717,0.4799,10.4463
"betaprime",5.71819009077735,36.5989761087578,1.0714,4.9588,0.1516,0.8634,3.1626,1.0202,5.3715,1.1026,8.3497
"betaprime",4.62523067207076,13.1657229821896,1.5976,7.9009,0.1992,0.7184,4.1599,0.824,8.0089,0.8718,14.559
"betaprime",3.31649590283632,17.057714868132,1.5628,7.4034,0.2085,0.6537,4.0401,0.7252,7.5062,0.7493,12.9759
"betaprime",2.08198754986748,26.8222406316781,1.6456,7.5027,0.2388,0.5147,4.1091,0.5419,7.3731,0.5467,12.0891
"betaprime",2.80068138226867,48.3436462955666,1.3415,5.8956,0.1974,0.6399,3.5404,0.6977,6.0569,0.7136,9.403
"betaprime",14.5577663321141,20.4781889107078,1.0738,5.1987,0.1429,0.9677,3.267,1.2048,5.7791,1.3726,9.5059
"betaprime",4.89263330908492,11.4098461267352,1.7027,8.7452,0.2063,0.7125,4.3684,0.8201,8.6548,0.8706,16.3444
"betaprime",5.37866684999317,17.7460334377876,1.3569,6.3992,0.1784,0.7865,3.7093,0.9181,6.7816,0.9842,11.5501
"betaprime",4.44709388585761,13.0970592846721,1.6148,8.0008,0.2032,0.7087,4.1885,0.8098,8.0775,0.8542,14.7097
"betaprime",1.64755367155885,22.2047564574401,1.8691,8.8576,0.2688,0.4242,4.5428,0.4369,8.3628,0.4382,14.1032
"betaprime",1.30652594935382,147.026890731347,1.7916,7.8903,0.2865,0.3532,4.3078,0.3583,7.3999,0.3586,11.3558
"betaprime",2.59797794598155,24.7340173901059,1.5347,6.9926,0.216,0.5926,3.9288,0.6396,7.0453,0.6513,11.591
"betaprime",6.25637906998862,89.4994033963885,0.8973,4.292,0.1303,0.9311,2.8473,1.1146,4.6324,1.2167,6.8434
"betaprime",1.37908197030425,38.1307263512164,1.8731,8.5925,0.285,0.3667,4.5131,0.3731,8.0415,0.3735,12.9449
"betaprime",1.87993803108111,20.4199460176751,1.805,8.5501,0.2576,0.47,4.4304,0.4897,8.1879,0.4925,13.9183
"betaprime",4.42425067024305,22.1082726067863,1.3229,6.1014,0.1806,0.7567,3.6105,0.8681,6.4493,0.9172,10.6421
"betaprime",4.16188123920932,29.7965784504311,1.2472,5.6562,0.1765,0.7584,3.4466,0.8658,5.9955,0.9109,9.5616
"betaprime",3.18248523585498,27.3710223961156,1.3953,6.3019,0.1983,0.6672,3.6874,0.7379,6.5112,0.7608,10.5401
"betaprime",2.72383212988963,18.0952788156923,1.6309,7.6983,0.2215,0.5948,4.1411,0.6451,7.673,0.6584,13.1781
"betaprime",4.85862178860232,112.072603768937,0.9791,4.5068,0.1448,0.856,2.9502,0.9984,4.8141,1.0663,7.115
"betaprime",1.81433533434756,42.3966699588113,1.6408,7.2996,0.2474,0.4712,4.0596,0.4895,7.1099,0.4919,11.2697
"betaprime",3.83150686189765,12.58130252501,1.7004,8.5417,0.2118,0.668,4.3371,0.7515,8.4519,0.7838,15.5785
"betaprime",1.36734041526914,168.437984763959,1.7469,7.6421,0.2803,0.3705,4.2158,0.3768,7.2135,0.3772,11.0285
"pearson IV",7.08098927453626,-10.5615019016154,0.8623,4.8919,0.1014,1.3146,3.1345,1.8884,5.7724,2.5725,10.1508
"pearson IV",8.11068559843116,-7.2271609689761,0.5392,4.0096,0.0633,1.5473,2.684,2.3269,4.7072,3.3246,7.8467
"pearson IV",4.01051405585511,-4.75773220478743,1.382,8.7992,0.1284,1.4129,4.17,2.3073,9.1918,3.9098,20.5761
"pearson IV",4.62880284362007,-9.82850157865323,1.531,8.751,0.1582,1.0845,4.2517,1.5209,8.9781,2.0599,18.7536
"pearson IV",4.08583163780719,-4.39913456488401,1.2657,8.0522,0.117,1.4823,4.0118,2.4588,8.7358,4.2319,19.2859
"pearson IV",3.86484388070274,-2.71446355142025,0.9986,7.2418,0.0893,1.8138,3.7647,3.3136,8.2807,6.43,18.7429
"pearson IV",3.75400364702567,-2.92775883666845,1.1363,8.1014,0.0987,1.7479,3.9532,3.1806,8.862,6.1951,20.5201
"pearson IV",5.76324614717485,-3.23976194365602,0.4997,4.3512,0.0527,1.7914,2.8267,2.9599,5.2822,4.8198,9.6557
"pearson IV",5.74707400330063,-10.3126646522805,1.1445,6.1911,0.1306,1.2019,3.6038,1.7068,7.0486,2.3174,13.3523
"pearson IV",6.90812029025517,-15.6583594399318,1.0697,5.5918,0.1289,1.1452,3.4115,1.5621,6.4003,1.9971,11.4511
"pearson IV",3.75278928631498,-3.23063524046447,1.2258,8.5479,0.1045,1.6705,4.0545,2.9871,9.1253,5.7118,21.1861
"pearson IV",4.96230022246623,-3.04989030781994,0.6381,4.9532,0.0651,1.7961,3.1006,3.0572,6.1014,5.2403,11.9301
"pearson IV",4.43724800257478,-4.66511882849969,1.1168,6.9024,0.1094,1.4914,3.7564,2.4281,7.8847,4.0277,16.5833
"pearson IV",3.89749569630902,-3.05437200602936,1.0762,7.5054,0.0947,1.7296,3.8414,3.096,8.4503,5.8689,19.0727
"pearson IV",3.60162273819325,-2.1486946416581,0.9772,7.8056,0.0811,1.974,3.8338,3.811,8.6992,7.9673,20.6257
"pearson IV",3.72759456635453,-2.2338001631035,0.926,7.2538,0.0769,1.9476,3.7318,3.695,8.3121,7.5175,19.217
"pearson IV",3.62179489638191,-1.42959821236506,0.6682,6.6426,0.0548,2.2366,3.5045,4.485,7.8127,9.6817,18.2715
"pearson IV",4.70161782135768,-2.84445642352337,0.6719,5.1935,0.0647,1.8243,3.1878,3.1603,6.3954,5.5667,12.8378
"pearson IV",3.76500150221679,-1.88695731167169,0.7789,6.6411,0.0655,2.0597,3.5617,3.9671,7.8394,8.1613,17.9165
"pearson IV",5.39802443932369,-2.52807900972478,0.454,4.3976,0.0494,1.8906,2.8251,3.2174,5.3498,5.4475,9.9901
"pearson IV",4.22344394626841,-6.44531732697785,1.4843,9.0039,0.1436,1.2441,4.2543,1.8931,9.2394,2.9002,20.157
"pearson IV",3.54277013850771,-1.09712570108613,0.5526,6.5546,0.0421,2.3871,3.4244,4.9219,7.6735,10.9589,18.1654
"pearson IV",3.61608891498856,-2.61556345175067,1.1384,8.5027,0.0928,1.8242,4.0022,3.419,9.1276,6.9377,21.6763
"pearson IV",4.01269414522825,-3.88884648061171,1.208,7.8955,0.1114,1.5626,3.9612,2.6631,8.6637,4.7498,19.2927
"pearson IV",3.26633433846524,-1.22373169964179,0.7737,8.3986,0.0555,2.3896,3.7862,5.1104,8.9693,12.1037,22.8106
"pearson IV",4.53125920523424,-4.07888270415552,0.973,6.2464,0.0965,1.5926,3.5667,2.6484,7.3774,4.4889,15.2753
"pearson IV",4.18581143040024,-4.3995775574767,1.205,7.6034,0.1131,1.4972,3.916,2.4776,8.4269,4.2332,18.323
"pearson IV",4.54637146119121,-2.11889287476242,0.5549,5.0408,0.0531,1.9749,3.0929,3.5419,6.2258,6.5021,12.6281
"pearson IV",4.93281681096554,-14.1832874889299,1.5626,8.6486,0.1658,0.9902,4.2576,1.32,8.839,1.6604,17.9812
"pearson IV",3.79049154214608,-3.54516882292926,1.2819,8.7446,0.1123,1.602,4.1077,2.8074,9.2267,5.2366,21.3159
"pearson IV",5.56385645696893,-7.60515285936045,1.0241,5.8092,0.1131,1.3335,3.4703,1.9858,6.7906,2.8728,12.9388
"pearson IV",4.18462833759747,-4.05941904383106,1.1401,7.3094,0.1091,1.5546,3.8393,2.613,8.2373,4.5475,17.8765
"pearson IV",4.53094091804884,-2.27480347584607,0.5965,5.1423,0.057,1.9399,3.1417,3.4621,6.3498,6.3289,12.9294
"pearson IV",4.27064464755356,-3.94609663703013,1.071,6.9008,0.1042,1.5855,3.738,2.6715,7.9333,4.6446,16.9899
"pearson IV",4.19364304043818,-5.71956737013534,1.4117,8.6431,0.1338,1.3159,4.1678,2.0579,9.0463,3.2734,19.7703
"pearson IV",8.5721877201274,-16.4558457709849,0.8421,4.6454,0.1062,1.2425,3.0298,1.7176,5.4085,2.2166,9.1071
"pearson IV",3.33061939814151,-1.12207333385246,0.6731,7.7004,0.0496,2.4252,3.6524,5.1605,8.5171,12.0726,21.2514
"pearson IV",3.65632449329132,-0.806939663368277,0.3766,5.8991,0.0305,2.4825,3.1973,5.1083,6.9775,11.2284,16.0254
"pearson IV",7.56589319545776,-26.1198830584064,1.1182,5.6529,0.1381,1.0573,3.4377,1.3869,6.3726,1.6851,11.1829
"pearson IV",5.32500606356189,-1.23425924067153,0.235,4.1594,0.0266,2.1175,2.5997,3.7408,4.8462,6.5855,8.9535
"pearson IV",4.79108616109565,-4.07634704124788,0.8705,5.6942,0.09,1.6186,3.3971,2.674,6.8609,4.4595,13.7811
"pearson IV",3.62483439214993,-0.947855414284626,0.4509,6.1075,0.0386,2.4316,3.2851,4.9926,7.2331,10.9881,16.7694
"pearson IV",5.32566631907644,-8.10967825129628,1.1377,6.3466,0.1233,1.2716,3.642,1.8693,7.2526,2.6692,14.1085
"pearson IV",3.68000989515334,-1.50040691828076,0.6701,6.5012,0.0545,2.2025,3.4819,4.3691,7.7025,9.2943,17.8123
"pearson IV",5.80529465844855,-20.2320330088353,1.3931,7.259,0.1606,0.9868,3.9338,1.2884,7.7821,1.5677,14.838
"pearson IV",4.10636438794434,-3.82294124132022,1.1361,7.4063,0.1057,1.5878,3.8534,2.7056,8.325,4.8016,18.2548
"pearson IV",3.18701789159328,-0.322413941561477,0.2275,7.5008,0.0172,2.9272,3.3294,6.676,7.8031,16.7647,19.9525
"pearson IV",4.0513330746768,-3.67402475262992,1.1359,7.4932,0.1064,1.6099,3.8672,2.7691,8.3983,4.9811,18.5575
"pearson IV",3.37618896819418,-1.02175544697978,0.5917,7.2489,0.0434,2.4625,3.5483,5.2294,8.1789,12.1457,20.1321
"pearson IV",3.07452849229006,-0.645818467587698,0.508,8.9457,0.0343,2.7895,3.6659,6.4112,8.9179,16.4829,23.7836
"pearson IV",4.13445782572031,-2.28803938223515,0.7374,5.9007,0.0688,1.9364,3.397,3.5432,7.1676,6.7711,15.4327
"pearson IV",6.10001197530516,-6.63673638614826,0.8069,4.9457,0.0912,1.4587,3.1463,2.2202,5.9421,3.2756,10.8623
"pearson IV",5.02911993922293,-2.41465174218267,0.5035,4.6416,0.052,1.9102,2.9393,3.3093,5.7035,5.7653,11.0019
"pearson IV",3.93168563514017,-2.48690141042322,0.8916,6.7042,0.0793,1.8789,3.6259,3.4565,7.8756,6.724,17.5744
"pearson IV",4.08471247914713,-2.75961223122105,0.8906,6.4584,0.0819,1.8157,3.5796,3.2609,7.654,6.1333,16.6942
"pearson IV",4.92079185642768,-6.2790867093727,1.1195,6.5074,0.1162,1.3653,3.6747,2.0962,7.4688,3.1891,14.9819
"pearson IV",3.78505969975144,-1.91523301724019,0.7788,6.5983,0.0668,2.0497,3.5543,3.9339,7.8041,8.0541,17.7729
"pearson IV",7.38085046958178,-9.69501239091624,0.7711,4.5979,0.0923,1.3755,3.0026,2.0015,5.4527,2.7641,9.4397
"pearson IV",3.17989778678119,-0.332645980606554,0.2364,7.5579,0.0192,2.9254,3.3427,6.6786,7.8493,16.8013,20.1184
"pearson IV",3.10039019734948,-0.429406838226132,0.3307,8.2974,0.021,2.9142,3.4876,6.7368,8.3692,17.3129,22.034
"pearson IV",3.39435792630632,-1.55846835812554,0.864,8.1002,0.0662,2.2113,3.8075,4.5401,8.8612,10.2382,21.8917
"pearson IV",3.27929537309566,-1.00813312674919,0.6368,7.8482,0.0478,2.4969,3.647,5.3956,8.5675,12.8595,21.6344
"pearson IV",3.57501332130283,-1.83151883308357,0.8668,7.4418,0.0716,2.0875,3.7286,4.1179,8.4485,8.8016,20.0726
"pearson IV",3.51142912010476,-2.09519752922654,1.0218,8.3062,0.0831,1.9922,3.9172,3.8972,9.0178,8.3181,21.8029
"pearson IV",3.98861444757506,-3.60728912099544,1.1593,7.7086,0.1067,1.6155,3.9108,2.7956,8.5549,5.0802,19.0899
"pearson IV",3.47238390911138,-1.00745653992007,0.5386,6.7441,0.0426,2.4438,3.4455,5.1149,7.7981,11.614,18.7375
"pearson IV",3.58650605368242,-2.54439975814894,1.1366,8.5907,0.091,1.8439,4.0109,3.4805,9.1826,7.1304,21.9318
"pearson IV",3.23095474640816,-1.192298009953,0.7804,8.6428,0.0565,2.414,3.8132,5.205,9.0942,12.4667,23.3483
"pearson IV",5.30583906532265,-4.28807067369949,0.744,5.0474,0.0794,1.6307,3.1665,2.6466,6.1587,4.2666,11.7808
"pearson IV",4.50818963886425,-3.45362302630767,0.8638,5.8916,0.0836,1.6984,3.4451,2.8976,7.0938,5.0585,14.6601
"pearson IV",3.82206402046094,-0.580700613411143,0.2421,5.3903,0.0201,2.5264,2.9927,5.1355,6.3318,11.0142,14.0028
"pearson IV",4.08058900203556,-3.96799098814372,1.1824,7.6587,0.1074,1.5571,3.9142,2.6372,8.4952,4.6534,18.7213
"pearson IV",3.67738711231668,-1.99307824233244,0.8679,7.1579,0.0733,2.0266,3.6888,3.9164,8.2452,8.1405,19.2039
"pearson IV",5.97903481106507,-4.23902226528618,0.5892,4.4579,0.0666,1.6773,2.9031,2.6938,5.4173,4.2367,9.8374
"pearson IV",3.77914482555585,-3.53007535912097,1.2867,8.7995,0.1132,1.6037,4.1165,2.8144,9.2603,5.2621,21.4372
"pearson IV",5.23680003047781,-45.8070122051984,1.661,8.9907,0.1855,0.8595,4.3697,1.0713,8.9701,1.2343,17.8806
"pearson IV",4.04041285597254,-3.96733027787879,1.2073,7.8434,0.11,1.5516,3.9534,2.6315,8.6231,4.6603,19.1253
"pearson IV",5.26584802084509,-2.70903272358887,0.5086,4.5429,0.0533,1.8604,2.9056,3.165,5.5651,5.3753,10.533
"pearson IV",4.06629349634517,-1.08125969777978,0.3808,5.2022,0.0345,2.2945,3.042,4.4478,6.3173,9.0034,13.5136
"pearson IV",3.20334500237904,-1.10666724724672,0.7472,8.6981,0.0536,2.4666,3.7981,5.3734,9.0923,13.0233,23.4983
"pearson IV",3.30879843868315,-0.637609303317731,0.3976,7.0929,0.0287,2.6828,3.4029,5.8818,7.859,14.115,19.5484
"pearson IV",5.89090522416821,-9.61826705999672,1.068,5.8479,0.1206,1.2496,3.4909,1.7976,6.7591,2.4778,12.6583
"pearson IV",7.30391966985771,-17.9251213257015,1.0508,5.4532,0.1293,1.1319,3.3621,1.5291,6.2403,1.928,11.0026
"pearson IV",3.18667276523821,-1.01702432150813,0.7011,8.6433,0.0483,2.5206,3.765,5.5385,9.0243,13.5434,23.4026
"pearson IV",3.08878397968342,-0.6997377640903,0.5409,8.9069,0.0374,2.7479,3.6847,6.2764,8.9487,16.0284,23.7812
"pearson IV",3.5652881366834,-1.29615439381078,0.6361,6.7078,0.0524,2.2986,3.4971,4.6762,7.8453,10.2739,18.5387
"pearson IV",3.54735998034896,-2.28160059193545,1.069,8.3968,0.0862,1.9275,3.9529,3.7126,9.0722,7.7833,21.7996
"pearson IV",4.41181094055437,-6.79511037774198,1.4121,8.3423,0.1407,1.2434,4.1279,1.8734,8.8044,2.8158,18.7473
"pearson IV",4.10676199010666,-4.13199874787033,1.2003,7.7006,0.1114,1.5311,3.9289,2.5707,8.5133,4.4846,18.704
"pearson IV",4.17198990065884,-2.46794794117101,0.7718,5.9548,0.0737,1.8911,3.424,3.4233,7.2132,6.4593,15.4726
"pearson IV",3.23959213641472,-0.818448105138726,0.5409,7.792,0.0386,2.6121,3.5808,5.7467,8.4362,13.958,21.4678
"pearson IV",7.30314711057581,-26.3003504645079,1.1586,5.8477,0.1419,1.0406,3.5065,1.3602,6.5537,1.647,11.6166
"pearson IV",5.01486882863985,-7.54022735660337,1.204,6.7997,0.1268,1.2717,3.7673,1.8881,7.6509,2.7454,15.2757
"pearson IV",6.80434639593819,-2.64371171626262,0.3011,3.8487,0.0358,1.8716,2.5006,3.0574,4.4195,4.8386,7.5426
"pearson IV",3.99744694375992,-4.88016271243431,1.4128,8.9968,0.1297,1.3922,4.2107,2.2607,9.3051,3.8061,20.8861
"pearson IV",3.52737865936942,-1.70447334788227,0.8425,7.5029,0.0659,2.1388,3.7239,4.2751,8.4853,9.2878,20.344
"pearson IV",4.02926426457195,-5.02847006305633,1.4157,8.951,0.1299,1.3762,4.2072,2.2186,9.2701,3.6952,20.7146
"pearson IV",3.07946750647342,-0.270576342414599,0.2138,8.3049,0.0151,3.033,3.4015,7.1009,8.1544,18.4697,21.5339
"pearson IV",6.14489554191753,-8.20513760782778,0.9169,5.2571,0.1069,1.3534,3.2764,1.9991,6.2253,2.8417,11.4212
"pearson IV",5.05744729860499,-12.1508602754585,1.451,7.9486,0.1586,1.0554,4.0883,1.4421,8.3869,1.8736,16.8324
